{
    "run1" : {
        "frame_size":{ "x":"16", "y":"16" },
        "frameset": ["1","9","17","25"],
        "pingpong":"false",
        "loop": "true",
        "speed": "8"
    },       
    "run2" : {
        "frame_size":{ "x":"16", "y":"16" },
        "frameset": ["2","10","18","26"],
        "pingpong":"false",
        "loop": "true",
        "speed": "8"
    },
    "run3" : {
        "frame_size":{ "x":"16", "y":"16" },
        "frameset": ["3","11","19","27"],
        "pingpong":"false",
        "loop": "true",
        "speed": "8"
    },
    "run4" : {
        "frame_size":{ "x":"16", "y":"16" },
        "frameset": ["4","12","20","28"],
        "pingpong":"false",
        "loop": "true",
        "speed": "8"
    },
    "run5" : {
        "frame_size":{ "x":"16", "y":"16" },
        "frameset": ["5","13","21","29"],
        "pingpong":"false",
        "loop": "true",
        "speed": "8"
    },
    "run6" : {
        "frame_size":{ "x":"16", "y":"16" },
        "frameset": ["6","14","22","30"],
        "pingpong":"false",
        "loop": "true",
        "speed": "8"
    },
    "run7" : {
        "frame_size":{ "x":"16", "y":"16" },
        "frameset": ["7","15","23","31"],
        "pingpong":"false",
        "loop": "true",
        "speed": "8"
    },
    "run8" : {
        "frame_size":{ "x":"16", "y":"16" },
        "frameset": ["8","16","24","32"],
        "pingpong":"false",
        "loop": "true",
        "speed": "8"
    },      
    "idle1" : {
        "frame_size":{ "x":"16", "y":"16" },
        "frameset": ["1"],
        "pingpong":"false",
        "loop": "false",
        "speed": "8"
    },    
    "idle2" : {
        "frame_size":{ "x":"16", "y":"16" },
        "frameset": ["2"],
        "pingpong":"false",
        "loop": "false",
        "speed": "8"
    },    
    "idle3" : {
        "frame_size":{ "x":"16", "y":"16" },
        "frameset": ["3"],
        "pingpong":"false",
        "loop": "false",
        "speed": "8"
    },    
    "idle4" : {
        "frame_size":{ "x":"16", "y":"16" },
        "frameset": ["4"],
        "pingpong":"false",
        "loop": "false",
        "speed": "8"
    },       
    "idle5" : {
        "frame_size":{ "x":"16", "y":"16" },
        "frameset": ["33","34","35","35","35","35","35","36","37","37","37","37","37","37","37"],
        "pingpong":"false",
        "loop": "true",
        "speed": "8"
    },
    "idle6" : {
        "frame_size":{ "x":"16", "y":"16" },
        "frameset": ["6"],
        "pingpong":"false",
        "loop": "false",
        "speed": "8"
    },
    "idle7" : {
        "frame_size":{ "x":"16", "y":"16" },
        "frameset": ["7"],
        "pingpong":"false",
        "loop": "false",
        "speed": "8"
    },     
    "idle8" : {
        "frame_size":{ "x":"16", "y":"16" },
        "frameset": ["8"],
        "pingpong":"false",
        "loop": "false",
        "speed": "8"
    },     
}   